station_borough,female,male,total
1 AVE EAST 14ST-MANHATTAN,,1,1
1 AVENUE & EAST 14 STREET-MANHATTAN,10,79,89
1 AVENUE & EAST HOUSTON STREET-MANHATTAN,,1,1
10 AVENUE & WEST 207 STREET-MANHATTAN,2,31,33
10 AVENUE & WEST 215 STREET-MANHATTAN,,1,1
10 AVENUE & WEST 59 STREET-MANHATTAN,,1,1
101 WEST 145 STREET-MANHATTAN,1,2,3
103 STREET & ROOSEVELT AVENUE-QUEENS,3,54,57
104 STREET & LIBERTY AVENUE-QUEENS,,1,1
111 STREET & LIBERTY AVENUE-QUEENS,,10,10
111 STREET & ROOSEVELT AVENUE-QUEENS,2,4,6
117-14 QUEENS BOULEVARD-QUEENS,,1,1
135 EAST 125 STREET-MANHATTAN,,1,1
148 STREET & HILLSIDE AVENUE-QUEENS,,3,3
1503 BUSHWICK AVENUE-BROOKLYN,,1,1
159 AVENUE & COLEMAN SQUARE-QUEENS,2,13,15
162 AMSTERDAM AVENUE-MANHATTAN,,1,1
18 AVENUE & 85 STREET-BROOKLYN,,1,1
184 3 AVENUE-MANHATTAN,1,,1
2 AVENUE & EAST 2 STREET-MANHATTAN,1,,1
2 AVENUE & EAST HOUSTON STREET-MANHATTAN,19,173,192
2 PLACE & SMITH STREET-BROOKLYN,,2,2
2085 LEXINGTON AVENUE-MANHATTAN,,1,1
21 STREET & 49 AVENUE-QUEENS,,1,1
217 SUBWAY BRONX IRT-BRONX,,1,1
2399 FULTON STREET-BROOKLYN,,1,1
25 STREET & 4 AVENUE-BROOKLYN,,1,1
25 STREET-BROOKLYN,,1,1
2540 VALENTINE AVENUE-BRONX,,1,1
27 STREET & QUEENS PLAZA SOUTH-QUEENS,1,10,11
3 AVENUE & BROOK AVENUE-BRONX,,2,2
3 AVENUE & EAST 124 STREET-MANHATTAN,,3,3
3 AVENUE & EAST 138 STREET-BRONX,4,29,33
3 AVENUE & EAST 14 STREET-MANHATTAN,,11,11
3 AVENUE & EAST 140 STREET-BRONX,,1,1
3 AVENUE & EAST 149 STREET-BRONX,71,468,539
3 AVENUE & EAST 161 STREET-BRONX,1,1,2
3 AVENUE & EAST 163 STREET-BRONX,4,59,63
3 AVENUE & EAST 60 STREET-MANHATTAN,,1,1
3 AVENUE & EAST FORDHAM ROAD-BRONX,6,68,74
3 AVENUE BRIDGE & 3 AVENUE-BRONX,,2,2
30 STREET & BROADWAY-QUEENS,,1,1
31 STREET & 30 AVENUE-QUEENS,1,,1
31 STREET & 36 AVENUE-QUEENS,,4,4
31 STREET & 39 AVENUE-QUEENS,,2,2
31 STREET & ASTORIA BOULEVARD-QUEENS,,2,2
31 STREET & BROADWAY-QUEENS,,4,4
31 STREET & DITMARS BOULEVARD-QUEENS,,8,8
330 JAY STREET-BROOKLYN,,1,1
34 AVENUE & STEINWAY STREET-QUEENS,5,55,60
3437 JEROME AVENUE-BRONX,,1,1
36 AVENUE & 31 STREET-QUEENS,,1,1
36 AVENUE-QUEENS,,1,1
36 STREET & NORTHERN BOULEVARD-QUEENS,2,7,9
36 STREET-QUEENS,,1,1
 AVENUE & 25 STREET-BROOKLYN,4,33,37
4 AVENUE & 36 STREET-BROOKLYN,1,6,7
 AVENUE & 45 STREET-BROOKLYN,,3,3
4 AVENUE & 53 STREET-BROOKLYN,3,27,30
4 AVENUE & 59 STREET-BROOKLYN,,19,19
4 AVENUE & 69 STREET-BROOKLYN,,1,1
4 AVENUE & 86 STREET-BROOKLYN,4,21,25
4 AVENUE & 9 STREET-BROOKLYN,2,16,18
4 AVENUE & 95 STREET-BROOKLYN,,2,2
4 AVENUE & ASTOR PLACE-MANHATTAN,,1,1
4 AVENUE & BAY RIDGE AVENUE-BROOKLYN,2,4,6
4 AVENUE & EAST 14 STREET-MANHATTAN,,1,1
4 AVENUE & PACIFIC STREET-BROOKLYN,1,4,5
4 AVENUE & PROSPECT AVENUE-BROOKLYN,,13,13
4 AVENUE & UNION STREET-BROOKLYN,,6,6
4 AVENUE-BROOKLYN,,1,1
40 STREET & QUEENS BOULEVARD-QUEENS,,1,1
41 AVENUE &21 STREET-QUEENS,,1,1
41 AVENUE & NORTHERN BOULEVARD-QUEENS,,1,1
4175 BROADWAY-MANHATTAN,,1,1
44 DRIVE & 21 STREET-QUEENS,,1,1
44 DRIVE & 23 STREET-QUEENS,,1,1
44 STREET & NEW UTRECHT AVENUE-BROOKLYN,1,7,8
46 STREET & BROADWAY-QUEENS,,1,1
46 STREET & QUEENS BOULEVARD-QUEENS,1,16,17
47 SUBWAY QUEENS IRT-QUEENS,,1,1
5 AVENUE & 49 STREET-BROOKLYN,,1,1
5 AVENUE & EAST 23 STREET-MANHATTAN,,1,1
5 AVENUE & EAST 59 STREET-MANHATTAN,1,,1
5 AVENUE & WEST 53 STREET-MANHATTAN,,1,1
50 AVENUE & VERNON BOULEVARD-QUEENS,,1,1
52 STREET & ROOSEVELT AVENUE-QUEENS,,2,2
574 PRESIDENT STREET-BROOKLYN,1,,1
59 STREET-BROOKLYN,,1,1
600 EAST 125 STREET-MANHATTAN,,1,1
61 STREET & ROOSEVELT AVENUE-QUEENS,1,1,2
62 STREET & 18 AVENUE-BROOKLYN,1,,1
62 STREET & FORT HAMILTON PARKWAY-BROOKLYN,,4,4
62 STREET & NEW UTRECHT AVENUE-BROOKLYN,,2,2
62 STREET-BROOKLYN,,1,1
63 DRIVE & QUEENS BOULEVARD-QUEENS,,1,1
63 STREET & 18 AVENUE-BROOKLYN,,3,3
63 STREET & 20 AVENUE-BROOKLYN,1,1,2
644 FRANKLIN AVENUE-BROOKLYN,,2,2
673 SAINT NICHOLAS AVENUE-MANHATTAN,,1,1
69 STREET & ROOSEVELT AVENUE-QUEENS,,5,5
695 SAINT NICHOLAS AVENUE-MANHATTAN,,1,1
7 AVENUE & 9 STREET-BROOKLYN,,7,7
7 AVENUE & WEST 14 STREET-MANHATTAN,,16,16
7 AVENUE & WEST 18 STREET-MANHATTAN,,2,2
7 AVENUE & WEST 23 STREET-MANHATTAN,1,13,14
7 AVENUE & WEST 28 STREET-MANHATTAN,,16,16
7 AVENUE & WEST 34 STREET-MANHATTAN,28,196,224
7 AVENUE & WEST 40 STREET-MANHATTAN,,6,6
7 AVENUE & WEST 41 STREET-MANHATTAN,,1,1
7 AVENUE & WEST 42 STREET-MANHATTAN,8,69,77
7 AVENUE & WEST 47 STREET-MANHATTAN,,2,2
7 AVENUE & WEST 49 STREET-MANHATTAN,2,22,24
7 AVENUE & WEST 53 STREET-MANHATTAN,,2,2
7 AVENUE & WEST 57 STREET-MANHATTAN,2,11,13
7 AVENUE SOUTH & CHRISTOPHER STREET-MANHATTAN,4,25,29
7 AVENUE-BROOKLYN,,1,1
7 TH AVENUE & WEST 34 STREET-MANHATTAN,,1,1
4 AVENUE & 53 STREET-BROOKLYN,3,27,30
4 AVENUE & 59 STREET-BROOKLYN,,19,19
4 AVENUE & 69 STREET-BROOKLYN,,1,1
4 AVENUE & 86 STREET-BROOKLYN,4,21,25
4 AVENUE & 9 STREET-BROOKLYN,2,16,18
4 AVENUE & 95 STREET-BROOKLYN,,2,2
4 AVENUE & ASTOR PLACE-MANHATTAN,,1,1
4 AVENUE & BAY RIDGE AVENUE-BROOKLYN,2,4,6
4 AVENUE & EAST 14 STREET-MANHATTAN,,1,1
4 AVENUE & PACIFIC STREET-BROOKLYN,1,4,5
4 AVENUE & PROSPECT AVENUE-BROOKLYN,,13,13
4 AVENUE & UNION STREET-BROOKLYN,,6,6
4 AVENUE-BROOKLYN,,1,1
40 STREET & QUEENS BOULEVARD-QUEENS,,1,1
41 AVENUE &21 STREET-QUEENS,,1,1
41 AVENUE & NORTHERN BOULEVARD-QUEENS,,1,1
4175 BROADWAY-MANHATTAN,,1,1
44 DRIVE & 21 STREET-QUEENS,,1,1
44 DRIVE & 23 STREET-QUEENS,,1,1
44 STREET & NEW UTRECHT AVENUE-BROOKLYN,1,7,8
46 STREET & BROADWAY-QUEENS,,1,1
46 STREET & QUEENS BOULEVARD-QUEENS,1,16,17
47 SUBWAY QUEENS IRT-QUEENS,,1,1
5 AVENUE & 49 STREET-BROOKLYN,,1,1
5 AVENUE & EAST 23 STREET-MANHATTAN,,1,1
5 AVENUE & EAST 59 STREET-MANHATTAN,1,,1
5 AVENUE & WEST 53 STREET-MANHATTAN,,1,1
50 AVENUE & VERNON BOULEVARD-QUEENS,,1,1
52 STREET & ROOSEVELT AVENUE-QUEENS,,2,2
574 PRESIDENT STREET-BROOKLYN,1,,1
59 STREET-BROOKLYN,,1,1
600 EAST 125 STREET-MANHATTAN,,1,1
61 STREET & ROOSEVELT AVENUE-QUEENS,1,1,2
62 STREET & 18 AVENUE-BROOKLYN,1,,1
62 STREET & FORT HAMILTON PARKWAY-BROOKLYN,,4,4
62 STREET & NEW UTRECHT AVENUE-BROOKLYN,,2,2
62 STREET-BROOKLYN,,1,1
63 DRIVE & QUEENS BOULEVARD-QUEENS,,1,1
63 STREET & 18 AVENUE-BROOKLYN,,3,3
63 STREET & 20 AVENUE-BROOKLYN,1,1,2
644 FRANKLIN AVENUE-BROOKLYN,,2,2
673 SAINT NICHOLAS AVENUE-MANHATTAN,,1,1
69 STREET & ROOSEVELT AVENUE-QUEENS,,5,5
695 SAINT NICHOLAS AVENUE-MANHATTAN,,1,1
7 AVENUE & 9 STREET-BROOKLYN,,7,7
7 AVENUE & WEST 14 STREET-MANHATTAN,,16,16
7 AVENUE & WEST 18 STREET-MANHATTAN,,2,2
7 AVENUE & WEST 23 STREET-MANHATTAN,1,13,14
7 AVENUE & WEST 28 STREET-MANHATTAN,,16,16
7 AVENUE & WEST 34 STREET-MANHATTAN,28,196,224
7 AVENUE & WEST 40 STREET-MANHATTAN,,6,6
7 AVENUE & WEST 41 STREET-MANHATTAN,,1,1
7 AVENUE & WEST 42 STREET-MANHATTAN,8,69,77
7 AVENUE & WEST 47 STREET-MANHATTAN,,2,2
7 AVENUE & WEST 49 STREET-MANHATTAN,2,22,24
7 AVENUE & WEST 53 STREET-MANHATTAN,,2,2
7 AVENUE & WEST 57 STREET-MANHATTAN,2,11,13
7 AVENUE SOUTH & CHRISTOPHER STREET-MANHATTAN,4,25,29
7 AVENUE-BROOKLYN,,1,1
7 TH AVENUE & WEST 34 STREET-MANHATTAN,,1,1
AVENUE OF THE AMERICAS & WEST 23 STREET-MANHATTAN,,6,6
AVENUE OF THE AMERICAS & WEST 32 STREET-MANHATTAN,,4,4
AVENUE OF THE AMERICAS & WEST 34 STREET-MANHATTAN,16,69,85
AVENUE OF THE AMERICAS & WEST 35 STREET-MANHATTAN,,1,1
AVENUE OF THE AMERICAS & WEST 4 STREET-MANHATTAN,29,181,210
AVENUE OF THE AMERICAS & WEST 42 STREET-MANHATTAN,,9,9
AVENUE OF THE AMERICAS & WEST 47 STREET-MANHATTAN,2,24,26
AVENUE OF THE AMERICAS & WEST 50 STREET-MANHATTAN,,1,1
AVENUE OF THE AMERICAS & WEST 57 STREET-MANHATTAN,,2,2
AVENUE OF THE AMERICAS & WEST BROADWAY-MANHATTAN,19,101,120
AVENUE S & KINGS HIGHWAY-BROOKLYN,,1,1
AVENUE U & EAST 16 STREET-BROOKLYN,1,,1
BAINBRIDGE AVENUE & EAST 205 STREET-BRONX,,6,6
BAINBRIDGE AVENUE & EAST 206 STREET-BRONX,6,46,52
BAINBRIDGE AVENUE & JEROME AVENUE-BRONX,4,30,34
BATTERY PLACE & STATE STREET-MANHATTAN,,1,1
BAY PARKWAY-BROOKLYN,,1,1
BEACH 22 STREET & MOTT AVENUE-QUEENS,6,42,48
BEACH 25 STREET & ROCKAWAY FREEWAY-QUEENS,,3,3
BEACH 36 STREET & ROCKAWAY FREEWAY-QUEENS,2,4,6
BEACH 44 STREET & ROCKAWAY FREEWAY-QUEENS,,2,2
BEACH 59 STREET & ROCKAWAY FREEWAY-QUEENS,3,23,26
BEACH 60 STREET & ROCKAWAY FREEWAY-QUEENS,,1,1
BEACH 67 STREET & ROCKAWAY FREEWAY-QUEENS,3,20,23
BEACH 90 STREET & ROCKAWAY FREEWAY-QUEENS,1,5,6
BEACH 98 STREET & ROCKAWAY FREEWAY-QUEENS,,11,11
BEAVER STREET & BROADWAY-MANHATTAN,,1,1
BEDFORD AVENUE & LAFAYETTE AVENUE-BROOKLYN,1,3,4
BEDFORD AVENUE & NORTH 7 STREET-BROOKLYN,1,12,13
BEDFORD AVENUE-BROOKLYN,,1,1
BERGEN STREET & FLATBUSH AVENUE-BROOKLYN,,3,3
BERGEN STREET & SMITH STREET-BROOKLYN,,1,1
BERGEN STREET-BROOKLYN,,1,1
BEVERLEY ROAD & EAST 16 STREET-BROOKLYN,,4,4
BEVERLEY ROAD & NOSTRAND AVENUE-BROOKLYN,3,15,18
BORO LINE & LENOX AVENUE-MANHATTAN,,1,1
BOSTON ROAD & EAST 174 STREET-BRONX,,1,1
BOSTON ROAD & EAST TREMONT AVENUE-BRONX,21,118,139
BOWERY & DELANCEY STREET-MANHATTAN,,7,7
BOYLAND STREET & CHAUNCEY STREET-BROOKLYN,1,,1
BRADHURST AVENUE & WEST 145 STREET-MANHATTAN,1,1,2
BRIDGE STREET & HIGH STREET-BROOKLYN,1,2,3
BRIDGE STREET & WHITEHALL STREET-MANHATTAN,3,17,20
BRIGHTON 5 STREET & BRIGHTON BEACH AVENUE-BROOKLYN,,1,1
BRIGHTON 6 STREET & BRIGHTON BEACH AVENUE-BROOKLYN,,13,13
BRIGHTON 7 STREET & BRIGHTON BEACH AVENUE-BROOKLYN,,2,2
BRIGHTON BEACH AVENUE & BRIGHTON 5 STREET-BROOKLYN,,1,1
BRIGHTON BEACH AVENUE & BRIGHTON 6 STREET-BROOKLYN,2,23,25
BRIGHTON BEACH AVENUE & OCEAN PARKWAY-BROOKLYN,,4,4
BRIGHTON BEACH AVENUE-BROOKLYN,1,,1
BROADWAY & 46 STREET-QUEENS,2,25,27
BROADWAY & 48 STREET-QUEENS,,1,1
BROADWAY & 73 STREET-QUEENS,1,,1
BROADWAY & 74 STREET-QUEENS,,2,2
BROADWAY & AVENUE OF THE AMERICAS-MANHATTAN,1,2,3
BROADWAY & BOWLING GREEN-MANHA7TAN,,1,1
BROADWAY & CANAL STREET-MANHATTAN,1,1,2
BROADWAY & CHAUNCEY STREET-BROOKLYN,4,17,21
BROADWAY & COLUMBUS CIRCLE-MANHATTAN,,3,3
BROADWAY & DE KALB AVENUE-BROOKLYN,,3,3
BROADWAY & DYCKMAN STREET-MANHATTAN,,12,12
BROADWAY & EAST 14 STREET-MANHATTAN,,2,2
BROADWAY & EAST 8 STREET-MANHATTAN,,1,1
BROADWAY & EAST HOUSTON STREET-MANHATTAN,1,27,28
BROADWAY & ELMHURST AVENUE-QUEENS,,1,1
BROADWAY & FLUSHING AVENUE-BROOKLYN,11,66,77
BROADWAY & FORT WASHINGTON AVENUE-MANHATTAN,,1,1
BROADWAY & FULTON STREET-MANHATTAN,,2,2
BROADWAY & GATES AVENUE-BROOKLYN,6,34,40
BROADWAY & HALSEY STREET-BROOKLYN,6,38,44
BROADWAY & HEWES STREET-BROOKLYN,,1,1
BROADWAY & JOHN STREET-MANHATTAN,2,38,40
BROADWAY & KOSCIUSZKO STREET-BROOKLYN,,8,8
BROADWAY & LORIMER STREET-BROOKLYN,,26,26
BROADWAY & MAIDEN LAN E-MANHATTAN,1,5,6
BROADWAY & MARCY AVENUE-BROOKLYN,11,100,111
BROADWAY & MYRTLE AVENUE-BROOKLYN,15,76,91
BROADWAY & NORTHERN BOULEVARD-QUEENS,,12,12
BROADWAY & PRINCE STREET-MANHATTAN,1,15,16
BROADWAY & QUEENS BOULEVARD-QUEENS,2,25,27
BROADWAY & RODNEY STREET-BROOKLYN,1,,1
BROADWAY & ROOSEVELT AVENUE-QUEENS,5,48,53
BROADWAY & SAINT NICHOLAS AVENUE-MANHATTAN,,1,1
BROADWAY & STEINWAY STREET-QUEENS,1,1,2
BROADWAY & WALL STREET-MANHATTAN,,2,2
BROADWAY & WEST 103 STREET-MANHATTAN,1,12,13
BROADWAY & WEST 110 STREET-MANHATTAN,2,16,18
BROADWAY & WEST 116 STREET-MANHATTAN,,2,2
BROADWAY & WEST 125 STREET-MANHATTAN,9,48,57
BROADWAY & WEST 137 STREET-MANHATTAN,6,68,74
BROADWAY & WEST 145 STREET-MANHATTAN,16,80,96
BROADWAY & WEST 157 STREET-MANHATTAN,5,29,34
BROADWAY & WEST 168 STREET-MANHATTAN,3,24,27
BROADWAY & WEST 207 STREET-MANHATTAN,,8,8
BROADWAY & WEST 225 STREET-BRONX,,1,1
BROADWAY & WEST 231 STREET-BRONX,,2,2
BROADWAY & WEST 238 STREET-BRONX,,1,1
BROADWAY & WEST 28 STREET-MANHATTAN,,6,6
BROADWAY & WEST 32 STREET-MANHATTAN,1,21,22
BROADWAY & WEST 40 STREET-MANHATTAN,,3,3
BROADWAY & WEST 42 STREET-MANHATTAN,,12,12
BROADWAY & WEST 43 STREET-MANHATTAN,1,2,3
BROADWAY & WEST 49 STREET-MANHATTAN,,1,1
BROADWAY & WEST 50 STREET-MANHATTAN,2,15,17
BROADWAY & WEST 60 STREET-MANHATTAN,,1,1
BROADWAY & WEST 61 STREET-MANHATTAN,,1,1
BROADWAY & WEST 66 STREET-MANHATTAN,4,41,45
BROADWAY & WEST 72 STREET-MANHATTAN,1,27,28
BROADWAY & WEST 79 STREET-MANHATTAN,1,6,7
BROADWAY & WEST 86 STREET-MANHATTAN,,29,29
BROADWAY & WEST 96 STREET-MANHATTAN,8,20,28
BROADWAY JCT STATION (A.C)-BROOKLYN,,1,1
BROOK AVENUE & EAST 138 STREET-BRONX,1,,1
BROOKLYN AVENUE & EASTERN PARKWAY-BROOKLYN,,1,1
BROOKLYN MUSUEM GROUNDS & EASTERN PARKWAY-BROOKLYN,,1,1
BROOKLYN QNS EXPRESSWAY & JORALEMON STREET-BROOKLYN,,1,1
BRUCKNER BOULEVARD & BROOK AVENUE-BRONX,,1,1
BRUCKNER BOULEVARD & CYPRESS AVENUE-BRONX,,3,3
BRUCKNER BOULEVARD & HUNTS POINT AVENUE-BRONX,6,57,63
BRUCKNER BOULEVARD & WESTCHESTER AVENUE-BRONX,1,2,3
BURKE AVENUE & WHITE PLAINS ROAD-BRONX,,2,2
BUSHWICK AVENUE & ABERDEEN STREET-BROOKLYN,,2,2
BUSHWICK AVENUE & GRAND STREET-BROOKLYN,,18,18
BUSHWICK AVENUE & JEFFERSON STREET-BROOKLYN,1,,1
BUSHWICK AVENUE & MONTROSE AVENUE-BROOKLYN,3,16,19
CADMAN PLAZA EAST & RED CROSS PLACE-BROOKLYN,1,,1
CANAL STREET & BROADWAY-MANHATTAN,,5,5
CANAL STREET & LAFAYETTE STREET-MANHATTAN,1,,1
CANAL STREET & WEST BROADWAY-MANHATTAN,,1,1
CANAL STREET-MANHATTAN,,1,1
CASTLE HILL AVENUE & WESTCHESTER AVENUE-BRONX,7,40,47
CATHEDRAL PARKWAY & CENTRAL PARK WEST-MANHATTAN,,6,6
CATON AVENUE & SAINT PAULS PLACE-BROOKLYN,1,1,2
CENTER DRIVE & WEST 59 STREET-MANHATTAN,,3,3
CENTRAL PARK NORTH & LENOX AVENUE-MANHATTAN,,2,2
CENTRAL PARK NORTH & WEST 110 STREET-MANHATTAN,1,,1
CENTRAL PARK SOUTH & 5 AVENUE-MANHATTAN,,2,2
CENTRAL PARK WEST & CATHEDRAL PARKWAY-MANHATTAN,6,70,76
CENTRAL PARK WEST & WEST 103 STREET-MANHATTAN,1,10,11
CENTRAL PARK WEST & WEST 110 STREET-MANHATTAN,3,27,30
CENTRAL PARK WEST & WEST 86 STREET-MANHATTAN,,2,2
CENTRAL PARK WEST & WEST 96 STREET-MANHATTAN,2,29,31
CENTRE STREET & BROOKLYN BRIDGE-MANHATTAN,,1,1
CENTRE STREET & CANAL STREET-MANHATTAN,2,4,6
CENTRE STREET & CHAMBERS STREET-MANHATTAN,19,84,103
CENTRE STREET & READE STREET-MANHATTAN,,1,1
CHAMBERS STREET & CENTRE STREET-MANHATTAN,1,1,2
CHAMBERS STREET & CHURCH STREET-MANHATTAN,,5,5
CHAMBERS STREET & WEST BROADWAY-MANHATTAN,,2,2
CHAUNCEY STREET & BROADWAY-BROOKLYN,10,49,59
CHRYSTIE STREET & GRAND STREET-MANHATTAN,1,12,13
CHURCH AVENUE & EAST 18 STREET-BROOKLYN,5,16,21
CHURCH AVENUE & MC DONALD AVENUE-BROOKLYN,2,8,10
CHURCH AVENUE & NOSTRAND AVENUE-BROOKLYN,1,7,8
CHURCH AVENUE-BROOKLYN,,2,2
CHURCH STREET & CHAMBERS STREET-MANHATTAN,,4,4
CHURCH STREET & CORTLANDT STREET-MANHATTAN,,1,1
CLINTON AVENUE & FULTON STREET-BROOKLYN,,1,1
COHANCY STREET & NORTH CONDUIT AVENUE-QUEENS,1,8,9
COLEMAN SQUARE & 159 AVENUE-QUEENS,,1,1
COLUMBUS AVENUE & WEST 59 STREET-MANHATTAN,,4,4
COLUMBUS CIRCLE & WEST 58 STREET-MANHATTAN,6,41,47
COLUMBUS CIRCLE & WEST 59 STREET-MANHATTAN,,2,2
COLUMBUS PLACE & WEST 59 STREET-MANHATTAN,,4,4
CONCOURSE VILLAGE EAST & EAST 161 STREET-BRONX,1,3,4
CORTELYOU ROAD & EAST 16 STREET-BROOKLYN,1,7,8
CORTELYOU ROAD & EAST 18 STREET-BROOKLYN,,1,1
CORTLANDT STREET & CHURCH STREET-MANHATTAN,,1,1
COURT STREET & JORALEMON STREET-BROOKLYN,2,8,10
CRESCENT STREET & FULTON STREET-BROOKLYN,,4,4
CYPRESS AVENUE & EAST 138 STREET-BRONX,,7,7
DE KALB AVENUE & BROADWAY-BROOKLYN,5,70,75
DE KALB AVENUE & FLATBUSH AVENUE EXTENSION-BROOKLYN,3,18,21
DE KALB AVENUE & WYCKOFF AVENUE-BROOKLYN,1,,1
DE KALB AVENUE-BROOKLYN,1,2,3
DELANCEY STREET & ESSEX STREET-MANHATTAN,1,7,8
DELANCEY STREET-MANHATTAN,1,,1
DITMARS BOULEVARD &31 STREET-QUEENS,,1,1
DOUGLASS BOULEVARD & WEST 116 STREET-MANHATTAN,13,119,132
DOUGLASS BOULEVARD & WEST 155 STREET-MANHATTAN,2,5,7
DOUGLASS CIRCLE & CATHEDRAL PARKWAY-MANHATTAN,,1,1
DYCKMAN STREET & BROADWAY-MANHATTAN,,1,1
EAST 1 STREET & 2 AVENUE-MANHATTAN,,2,2
EAST 103 STREET & LEXINGTON AVENUE-MANHATTAN,,5,5
EAST 105 STREET STATION (L)-BROOKLYN,,1,1
EAST 125 STREET & LENOX AVENUE-MANHATTAN,1,,1
EAST 125 STREET & LEXINGTON AVENUE-MANHATTAN,,8,8
EAST 125 STREET-MANHATTAN,,1,1
EAST 132 STREET & CYPRESS AVENUE-BRONX,,3,3
EAST 134 STREET & 3 AVENUE-BRONX,,1,1
EAST 136 STREET & 3 AVENUE-BRONX,,1,1
EAST 138 STREET & 3 AVENUE-BRONX,22,112,134
EAST 138 STREET & BROOK AVENUE-BRONX,2,61,63
EAST 138 STREET & CYPRESS AVENUE-BRONX,15,168,183
EAST 138 STREET & GRAND CONCOURSE-BRONX,,1,1
EAST 138 STREET-BRONX,,1,1
EAST 14 STREET & 3 AVENUE-MANHATTAN,,1,1
EAST 14 STREET & 3RD AVENUE-MANHATTAN,,1,1
EAST 14 STREET & UNION SQUARE EAST-MANHATTAN,,8,8
EAST 14 STREET & UNION SQUARE WEST-MANHATTAN,20,96,116
EAST 14 STREET-MANHATTAN,1,1,2
EAST 149 STREET & 3 AVENUE-BRONX,2,23,25
EAST 149 STREET & GRAND CONCOURSE-BRONX,,1,1
EAST 149 STREET & PROSPECT AVENUE-BRONX,1,1,2
EAST 149 STREET & SOUTHERN BOULEVARD-BRONX,,1,1
EAST 15 STREET & KINGS HIGHWAY-BROOKLYN,,1,1
EAST 15 STREET & SHEEPSHEAD BAY ROAD-BROOKLYN,9,39,48
EAST 16 STREET & AVENUE J-BROOKLYN,1,15,16
EAST 16 STREET & AVENUE M-BROOKLYN,,1,1
EAST 16 STREET & AVENUE U-BROOKLYN,1,1,2
EAST 16 STREET & BEVERLEY ROAD-BROOKLYN,,1,1
EAST 16 STREET & CORTELYOU ROAD-BROOKLYN,,3,3
EAST 16 STREET & GRAVESEND NECK ROAD-BROOKLYN,,1,1
EAST 16 STREET & KINGS HIGHWAY-BROOKLYN,1,10,11
EAST 16 STREET & NEWKIRK AVENUE-BROOKLYN,,1,1
EAST 16 STREET & SHEEPSHEAD BAY ROAD-BROOKLYN,1,6,7
EAST 16 STREET & VOORHIES AVENUE-BROOKLYN,,1,1
EAST 160 STREET & PROSPECT AVENUE-BRONX,22,174,196
EAST 161 STREET & CONCOURSE VILLAGE EAST-BRONX,,1,1
EAST 161 STREET & WALTON AVENUE-BRONX,,1,1
EAST 161 STREET-BRONX,,1,1
EAST 163 STREET & 3 AVENUE-BRONX,2,9,11
EAST 17 STREET & CHURCH AVENUE-BROOKLYN,,2,2
EAST 17 STREET & UNION SQUARE WEST-MANHATTAN,,1,1
EAST 170 STREET & GRAND CONCOURSE-BRONX,,1,1
EAST 170 STREET & JEROME AVENUE-BRONX,2,2,4
EAST 170 STREET-BRONX,,1,1
EAST 174 STREET & SOUTHERN BOULEVARD-BRONX,1,3,4
EAST 174 STREET-BRONX,,1,1
EAST 176 STREET & JEROME AVENUE-BRONX,,1,1
EAST 18 STREET & CHURCH AVENUE-BROOKLYN,5,17,22
EAST 18 STREET & CORTELYOU ROAD-BROOKLYN,,1,1
EAST 180 STREET & MORRIS PARK AVENUE-BRONX,2,25,27
EAST 182 STREET & GRAND CONCOURSE-BRONX,,1,1
EAST 188 STREET & GRAND CONCOURSE-BRONX,3,44,47
EAST 192 STREET & EAST KINGSBRIDGE ROAD-BRONX,,1,1
EAST 205 STREET & PERRY AVENUE-BRONX,,1,1
EAST 225 STREET & WHITE PLAINS ROAD-BRONX,,1,1
EAST 23 STREET & PARK AVENUE SOUTH-MANHATTAN,1,,1
EAST 28 STREET & PARK AVENUE SOUTH-MANHATTAN,,5,5
EAST 33 STREET & PARK AVENUE-MANHATTAN,,1,1
EAST 42 STREET & LEXINGTON AVENUE-MANHATTAN,1,2,3
EAST 68 STREET & LEXINGTON AVENUE-MANHATTAN,,1,1
EAST 86 STREET & LEXINGTON AVENUE-MANHATTAN,,1,1
EAST 96 STREET & LEXINGTON AVENUE-MANHATTAN,,1,1
EAST 98 STREET & SUTTER AVENUE-BROOKLYN,4,20,24
EAST AVENUE & PARKCHESTER ROAD-BRONX,,1,1
EAST BEDFORD PARK BOULEVARD & GRAND CON COURSE-BRONX,1,6,7
EAST BROADWAY & RUTGERS STREET-MANHATTAN,,2,2
EAST FORDHAM ROAD & 3 AVENUE-BRONX,,1,1
EAST FORDHAM ROAD & GRAND CONCOURSE-BRONX,,7,7
EAST FORDHAM ROAD & WEBSTER AVENUE-BRONX,2,4,6
EAST HOUSTON STREET & 2 AVENUE-MANHATTAN,2,13,15
EAST HOUSTON STREET & BROADWAY-MANHATTAN,1,1,2
EAST MOSHOLU PARKWAY NORTH & EAST 206 STREET-BRONX,,1,1
EAST RIVER & EAST 116 STREET-MANHATTAN,,1,1
EAST TREMONT AVENUE & BOSTON ROAD-BRONX,,3,3
EAST TREMONT AVENUE & GRAND CONCOURSE-BRONX,,1,1
EAST TREMONT AVENUE & WEST FARMS ROAD-BRONX,,3,3
EAST TREMONT AVENUE & WESTCHESTER SQUARE-BRONX,,1,1
EASTCHESTER ROAD & PELHAM PARKWAY-BRONX,,1,1
EASTERN PARKWAY & FRANKLIN AVENUE-BROOKLYN,4,34,38
EASTERN PARKWAY & FULTON STREET-BROOKLYN,,1,1
EASTERN PARKWAY & KINGSTON AVENUE-BROOKLYN,2,6,8
EASTERN PARKWAY & NOSTRAND AVENUE-BROOKLYN,1,12,13
EASTERN PARKWAY & SCHENECTADY AVENUE-BROOKLYN,2,3,5
EASTERN PARKWAY & UTICA AVENUE-BROOKLYN,12,98,110
EASTERN PARKWAY & WASHINGTON AVENUE-BROOKLYN,,2,2
ELMHURST AVENUE & BROADWAY-QUEENS,,5,5
ESPLANADE & PAULDING AVENUE-BRONX,,1,1
ESPLANADE & PELHAM PARKWAY NORTH-BRONX,,7,7
ESSEX STREET & DELANCEY STREET-MANHATTAN,13,121,134
EUCLID AVENUE & PITKIN AVENUE-BROOKLYN,,2,2
EUCLID AVENUE-BROOKLYN,,1,1
FAIRVIEW AVENUE & PUTNAM AVENUE-QUEENS,1,1,2
FARRAGUT ROAD & EAST 105 STREET-BROOKLYN,10,40,50
FERRIS PLACE & WESTCHESTER SQUARE-BRONX,,11,11
FLATBUSH AVENUE & ATLANTIC AVENUE-BROOKLYN,9,78,87
FLATBUSH AVENUE & BERGEN STREET-BROOKLYN,,31,31
FLATBUSH AVENUE & FULTON STREET-BROOKLYN,27,153,180
FLATBUSH AVENUE & GRAND ARMY PLAZA-BROOKLYN,,3,3
FLATBUSH AVENUE & HANSON PLACE-BROOKLYN,9,41,50
FLATBUSH AVENUE & NEVINS STREET-BROOKLYN,4,16,20
FLATBUSH AVENUE & NOSTRAND AVENUE-BROOKLYN,,6,6
FLATBUSH AVENUE &amp; &amp; OCEAN AVENUE-BROOKLYN,7,36,43
FLATBUSH AVENUE EXTENSION &amp; &amp; DE KALB AVENUE-BROOKLYN,2,6,8
FLATBUSH AVENUE EXTENSION &amp; &amp; FULTON STREET-BROOKLYN,,1,1
FLATBUSH AVENUE-BROOKLYN,,1,1
FLATLANDS AVENUE &amp; &amp; ALABAMA AVENUE-BROOKLYN,,1,1
FLATLANDS AVENUE &amp; &amp; VAN SICLEN AVENUE-BROOKLYN,,1,1
FLUSHING AVENUE &amp; &amp; BROADWAY-BROOKLYN,,3,3
FLUSHING AVENUE &amp; &amp; MARCY AVENUE-BROOKLYN,,3,3
FLUSHING AVENUE-BROOKLYN,,1,1
FORCE TUBE AVENUE &amp; &amp; NORWOOD AVENUE-BROOKLYN,,2,2
FORDHAM PLAZA &amp; &amp; 3 AVENUE-BRONX,,2,2
FORT WASHINGTON AVENUE &amp; &amp; WEST 168 STREET-MANHATTAN,,2,2
FORT WASHINGTON AVENUE &amp; &amp; WEST 175 STREET-MANHATTAN,3,30,33
FORT WASHINGTON AVENUE &amp; &amp; WEST 181 STREET-MANHATTAN,3,47,50
FRANKLIN AVENUE &amp; &amp; EASTERN PARKWAY-BROOKLYN,5,16,21
FRANKLIN AVENUE &amp; &amp; FULTON STREET-BROOKLYN,,9,9
FRANKLIN AVENUE & PARK PLACE-BROOKLYN,,13,13
FRAWLEY CIRCLE & WEST 110 STREET-MANHATTAN,,1,1
FREEMAN STREET & SOUTHERN BOULEVARD-BRONX,1,1,2
FRONT STREET & JAY STREET-BROOKLYN,2,1,3
FULTON STREET & ALABAMA AVENUE-BROOKLYN,10,46,56
FULTON STREET & BROADWAY-MANHATTAN,,1,1
FULTON STREET & CHURCH STREET-MANHATTAN,1,10,11
FULTON STREET & CLEVELAND STREET-BROOKLYN,3,26,29
FULTON STREET & CLINTON AVENUE-BROOKLYN,1,8,9
FULTON STREET & CRESCENT STREET-BROOKLYN,9,65,74
FULTON STREET & FLATBUSH AVENUE-BROOKLYN,1,10,11
FULTON STREET & FRANKLIN AVENUE-BROOKLYN,7,58,65
FULTON STREET & HOYT STREET-BROOKLYN,4,29,33
FULTON STREET & JAY STREET-BROOKLYN,4,19,23
FULTON STREET & KINGSTON AVENUE-BROOKLYN,20,170,190
FULTON STREET & NORWOOD AVENUE-BROOKLYN,6,53,59
FULTON STREET & NOSTRAND AVENUE-BROOKLYN,27,173,200
FULTON STREET & RALPH AVENUE-BROOKLYN,13,95,108
FULTON STREET & ROCKAWAY AVENUE-BROOKLYN,13,49,62
FULTON STREET & SOUTH PORTLAND AVENUE-BROOKLYN,2,3,5
FULTON STREET & UTICA AVENUE-BROOKLYN,48,243,291
FULTON STREET & VAN SICLEN AVENUE-BROOKLYN,11,40,51
FULTON STREET & WASHINGTON AVENUE-BROOKLYN,18,97,115
FULTON STREET-BROOKLYN,,1,1
GATES AVENUE & BROADWAY-BROOKLYN,10,66,76
GATES AVENUE & MYRTLE AVENUE-BROOKLYN,,1,1
GATES AVENUE & WYCKOFF AVENUE-BROOKLYN,3,22,25
GATES AVENUE & WYCKOFF AVENUE-QUEENS,,1,1
GEORGE STREET & MYRTLE AVENUE-QUEENS,,1,1
GEORGE STREET & WYCKOFF AVENUE-QUEENS,1,7,8
GERARD AVENUE & EAST 149 STREET-BRONX,,1,1
GERARD AVENUE & EAST 161 STREET-BRONX,7,56,63
GERARD AVENUE & EAST 167 STREET-BRONX,,1,1
GLENWOOD ROAD & ROCKAWAY PARKWAY-BROOKLYN1 *,32,195,227
GRAHAM AVENUE & METROPOLITAN AVENUE-BROOKLYN,1,3,4
GRAND AVENUE & QUEENS BOULEVARD-QUEENS,,1,1
GRAND AVENUE & WEST 183 STREET-BRONX,1,,1
GRAND AVENUE-QUEENS,,2,2
GRAND CONCOURSE & EAST 138 STREET-BRONX,,13,13
GRAND CONCOURSE & EAST 149 STREET-BRONX,9,33,42
GRAND CONCOURSE & EAST 161 STREET-BRONX,1,6,7
GRAND CONCOURSE & EAST 167 STREET-BRONX,5,0.45,50
GRAND CONCOURSE & EAST 170 STREET-BRONX,16,147,163
GRAND CONCOURSE & EAST 174 STREET-BRONX,1,7,8
GRAND CONCOURSE & EAST 175 STREET-BRONX,10,71,81
GRAND CONCOURSE & EAST 182 STREET-BRONX,6,40,46
GRAND CONCOURSE & EAST 183 STREET-BRONX,1,,1
GRAND CONCOURSE & EAST 188 STREET-BRONX,,2,2
GRAND CONCOURSE & EAST BEDFORD PARK BOULEVARD-BRONX,,2,2
GRAND CONCOURSE & EAST FORDHAM ROAD-BRONX,1,5,6
GRAND CONCOURSE & EAST KINGSBRIDGE ROAD-BRONX,16,132,148
GRAND CONCOURSE & EAST TREMONT AVENUE-BRONX,15,47,62
GRAND STREET & BUSHWICK AVENUE-BROOKLYN,,1,1
GRANT AVENUE & PITKIN AVENUE-BROOKLYN,,2,2
HALSEY STREET & BROADWAY-BROOKLYN,7,72,79
HALSEY STREET STATION (L)-QUEENS,,4,4
HALSEY STREET-BROOKLYN,,1,1
HANCOCK STREET & WYCKOFF AVENUE-QUEENS,,1,1
HANSON PLACE & FLATBUSH AVENUE-BROOKLYN,,5,5
HARRISON PLACE & MORGAN AVENUE-BROOKLYN,8,45,53
HAVENS PLACE & ATLANTIC AVENUE-BROOKLYN,14,69,83
HERALD SQUARE & WEST 34 STREET-MANHATTAN,,2,2
HIGHLAND AVENUE & 169 STREET-QUEENS,,1,1
HILLSIDE AVENUE & 169 STREET-QUEENS,3,3,6
HILLSIDE AVENUE & 179 STREET-QUEENS,,2,2
HILLSIDE AVENUE & PARSONS BOULEVARD-QUEENS,1,3,4
HOME LAWN STREET & HILLSIDE AVENUE-QUEENS,2,30,32
HOYT STREET & FULTON STREET-BROOKLYN,,1,1
HOYT STREET & SCHERMERHORN STREET-BROOKLYN,,1,1
HOYT STREET-BROOKLYN,,1,1
HUNTS POINT AVENUE & BRUCKNER BOULEVARD-BRONX,,2,2
INTERVALE AVENUE & WESTCHESTER AVENUE-BRONX,,1,1
JACKSON AVENUE & EAST 152 STREET-BRONX,,3,3
JACKSON AVENUE & QUEENS BOULEVARD-QUEENS,3,49,52
JACKSON AVENUE & QUEENS PLAZA SOUTH-QUEENS,,1,1
JAMAICA AVENUE &111 STREET-QUEENS,,1,1
JAMAICA AVENUE & 121 STREET-QUEENS,,4,4
JAMAICA AVENUE & AUTUMN AVENUE-BROOKLYN,,8,8
JAMAICA AVENUE & ELDERTS LANE-QUEENS,,1,1
JAMAICA AVENUE & WOODHAVEN BOULEVARD-QUEENS,,11,11
JAY STREET & FULTON STREET-BROOKLYN,,2,2
JAY STREET & WILLOUGHBY STREET-BROOKLYN,,3,3
JAY STREET-BROOKLYN,1,5,6
JEROME AVENUE & BAINBRIDGE AVENUE-BRONX,,1,1
JEROME AVENUE & EAST 161 STREET-BRONX,1,4,5
JEROME AVENUE & EAST 167 STREET-BRONX,1,1,2
JEROME AVENUE & EAST 170 STREET-BRONX,11,72,83
JEROME AVENUE & EAST 176 STREET-BRONX,7,57,64
JEROME AVENUE & EAST 183 STREET-BRONX,,5,5
JEROME AVENUE & EAST BEDFORD PARK BOULEVARD-BRONX,1,2,3
JEROME AVENUE & EAST BURNSIDE AVENUE-BRONX,10,58,68
JEROME AVENUE & EAST FORDHAM ROAD-BRONX,18,55,73
JEROME AVENUE & EAST KINGSBRIDGE ROAD-BRONX,1,28,29
JEROME AVENUE & EAST MOSHOLU PARKWAY NORTH-BRONX,,2,2
JEROME AVENUE & EAST MOUNT EDEN AVENUE-BRONX,,1,1
JEROME AVENUE & MOSHOLU PARKWAY-BRONX,4,32,36
JEROME AVENUE & WEST 170 STREET-BRONX,,1,1
JEROME AVENUE & WEST 183 STREET-BRONX,6,44,50
JEROME AVENUE & WEST FORDHAM ROAD-BRONX,,1,1
JEROME AVENUE & WEST MOUNT EDEN AVENUE-BRONX,6,29,35
JORALEMON STREET & COURT STREET-BROOKLYN,10,67,77
JUNCTION BOULEVARD & ROOSEVELT AVENUE-QUEENS,3,48,51
JUNIUS STREET & LIVONIA AVENUE-BROOKLYN,,2,2
JUNIUS STREET & SUTTER AVENUE-BROOKLYN,11,66,77
JUNIUS STREET-BROOKLYN,,2,2
KEAP STREET & UNION AVENUE-BROOKLYN,,7,7
KING STREET & VARICK STREET-MANHATTAN,,1,1
KINGS HIGHWAY & EAST 16 STREET-BROOKLYN,,20,20
KINGS HIGHWAY-BROOKLYN,1,2,3
KINGSTON AVENUE & EASTERN PARKWAY-BROOKLYN,,6,6
KINGSTON AVENUE & FULTON STREET-BROOKLYN,,5,5
KINGSTON AVENUE-BROOKLYN,,9,9
KOSCIUSZKO STREET & BROADWAY-BROOKLYN,3,6,9
LAFAYETTE AVENUE & BEDFORD AVENUE-BROOKLYN,6,70,76
LAFAYETTE AVENUE & CLASSON AVENUE-BROOKLYN,1,7,8
LAFAYETTE AVENUE & FRANKLIN AVENUE-BROOKLYN,,1,1
LAFAYETTE AVENUE & FULTON STREET-BROOKLYN,,7,7
LAFAYETTE AVENUE & WASHINGTON AVENUE-BROOKLYN,1,8,9
LAFAYETTE STREET & ASTOR PLACE-MANHATTAN,1,28,29
AFAYETTE STREET & BLEECKER STREET-MANHATTAN,7,38,45
LAFAYETTE STREET & CANAL STREET-MANHATTAN,1,17,18
LAFAYETTE STREET & CENTRE STREET-MANHATTAN,,1,1
LAFAYETTE STREET & EAST HOUSTON STREET-MANHATTAN,,1,1
LAFAYETTE STREET & SPRING STREET-MANHATTAN,1,11,12
LEFFERTS BOULEVARD & LIBERTY AVENUE-QUEENS,1,24,25
LEFFERTS BOULEVARD & ROCKAWAY BOULEVARD-QUEENS,,1,1
LENOX AVENUE & WEST 110 STREET-MANHATTAN,1,17,18
LENOX AVENUE & WEST 111 STREET-MANHATTAN,1,6,7
LENOX AVENUE & WEST 116 STREET-MANHATTAN,7,36,43
LENOX AVENUE & WEST 125 STREET-MANHATTAN,5,51,56
LENOX AVENUE & WEST 135 STREET-MANHATTAN,6,60,66
LENOX AVENUE & WEST 145 STREET-MANHATTAN,,3,3
LENOX AVENUE-MANHATTAN,1,2,3
LEWIS STREET & DELANCEY STREET-MANHATTAN,,1,1
LEXINGTON AVENUE & EAST 103 STREET-MANHATTAN,7,76,83
LEXINGTON AVENUE & EAST 110 STREET-MANHATTAN,27,201,228
LEXINGTON AVENUE & EAST 116 STREET-MANHATTAN,47,389,436
LEXINGTON AVENUE & EAST 125 STREET-MANHATTAN,26,230,256
LEXINGTON AVENUE & EAST 28 STREET-MANHATTAN,1,4,5
LEXINGTON AVENUE & EAST 33 STREET-MANHATTAN,,1,1
LEXINGTON AVENUE & EAST 42 STREET-MANHATTAN,4,41,45
LEXINGTON AVENUE & EAST 51 STREET-MANHATTAN,,10,10
LEXINGTON AVENUE & EAST 53 STREET-MANHATTAN,,2,2
LEXINGTON AVENUE & EAST 59 STREET-MANHATTAN,5,69,74
LEXINGTON AVENUE & EAST 68 STREET-MANHATTAN,1,21,22
LEXINGTON AVENUE & EAST 77 STREET-MANHATTAN,,17,17
LEXINGTON AVENUE & EAST 86 STREET-MANHATTAN,3,85,88
LEXINGTON AVENUE & EAST 96 STREET-MANHATTAN,1,44,45
LIBERTY AVENUE & 111 STREET-QUEENS,,1,1
LIBERTY AVENUE & 80 STREET-QUEENS,3,16,19
LIBERTY AVENUE & LEFFERTS BOULEVARD-QUEENS,,7,7
LIBERTY AVENUE & ROCKAWAY BOULEVARD-QUEENS,2,25,27
LIBERTY AVENUE & SACKMAN STREET-BROOKLYN,,1,1
LIBERTY AVENUE STATION (A.CTBROOKLYN,,2,2
LIBERTY AVENUE-BROOKLYN,,2,2
LIGHT STREET & DYRE AVENUE-BRONX,2,14,16
LISPENARD STREET & WEST BROADWAY-MANHATTAN,1,3,4
LIVONIA AVENUE & ASHFORD STREET-BROOKLYN,13,44,57
LIVONIA AVENUE & JUNIUS STREET-BROOKLYN,5,9,14
LIVONIA AVENUE & NEW LOTS AVENUE-BROOKLYN,,2,2
LIVONIA AVENUE & PENNSYLVANIA AVENUE-BROOKLYN,1,14,15
LIVONIA AVENUE & ROCKAWAY AVENUE-BROOKLYN,8,70,78
LIVONIA AVENUE & SACKMAN STREET-BROOKLYN,11,46,57
LIVONIA AVENUE & SARATOGA AVENUE-BROOKLYN,8,94,102
LIVONIA AVENUE & VAN SICLEN AVENUE-BROOKLYN,12,75,87
LIVONIA AVENUE & VAN SIDERIN AVENUE-BROOKLYN,1,,1
LIVONIA AVENUE-BROOKLYN,,3,3
LONGWOOD AVENUE & SOUTHERN BOULEVARD-BRONX,1,,1
LORIMER STREET & METROPOLITAN AVENUE-BROOKLYN,,5,5
LUDLOW STREET & DELANCEY STREET-MANHATTAN,,1,1
MADISON AVENUE & EAST 42 STREET-MANHATTAN,,1,1
MADISON STREET & MYRTLE AVENUE-QUEENS,,1,1
MADISON STREET & RUTGERS STREET-MANHATTAN,,1,1
MAIN STREET & QUEENS BOULEVARD-QUEENS,1,,1
MAIN STREET & ROOSEVELT AVENUE-QUEENS,4,29,33
MAJOR DEEGAN EXPRESSWAY & CYPRESS AVENUE-BRONX,1,1,2
MANHATTAN AVENUE & GREENPOINT AVENUE-BROOKLYN,,1,1
MANHATTAN AVENUE & NASSAU AVENUE-BROOKLYN,1,4,5
MARCY AVENUE & BROADWAY-BROOKLYN,2,4,6
MARCY AVENUE & FLUSHING AVENUE-BROOKLYN,,2,2
MARCY AVENUE & MYRTLE AVENUE-BROOKLYN,1,13,14
MARCY AVENUE & WALLABOUT STREET-BROOKLYN,2,13,15
MARCY AVENUE-BROOKLYN,,5,5
MARLBOROUGH ROAD & DITMAS AVENUE-BROOKLYN,,1,1
MC DONALD AVENUE & 18 AVENUE-BROOKLYN,,5,5
MC DONALD AVENUE & AVENUE P-BROOKLYN,,1,1
MC DONALD AVENUE & AVENUE X-BROOKLYN,,1,1
MC DONALD AVENUE & CHURCH AVENUE-BROOKLYN,,6,6
MC DONALD AVENUE & KINGS HIGHWAY-BROOKLYN,,3,3
MC KIBBIN STREET & WHITE STREET-BROOKLYN,,1,1
MEEKER AVENUE & GRAHAM AVENUE-BROOKLYN,,1,1
MERMAID AVENUE & STILLWELL AVENUE-BROOKLYN,,3,3
MERMAID AVENUE & SURF AVENUE-BROOKLYN,1,,1
MERMAID AVENUE-BROOKLYN,,1,1
METROPOLITAN AVENUE & GRAHAM AVENUE-BROOKLYN,2,24,26
METROPOLITAN AVENUE & LORIMER STREET-BROOKLYN,5,87,92
MIDLAND PARKWAY & HILLSIDE AVENUE-QUEENS,,10,10
MOFFAT STREET & WILSON AVENUE-BROOKLYN,4,29,33
MONTROSE AVENUE & BUSHWICK AVENUE-BROOKLYN,,1,1
MORGAN AVENUE-BROOKLYN,1,1,2
MORRIS AVENUE & EAST 161 STEET-BRONX,,1,1
MORRIS AVENUE & EAST 161 STREET-BRONX,3,18,21
MORRIS PARK AVENUE & EAST 180 STREET-BRONX,1,7,8
MORRISON AVENUE & WESTCHESTER AVENUE-BRONX,,1,1
MOTT AVENUE & BEACH 22 STREET-QUEENS,,8,8
MYRTLE AVENUE & BROADWAY-BROOKLYN,1,3,4
MYRTLE AVENUE & CENTRAL AVENUE-BROOKLYN,,2,2
MYRTLE AVENUE & JAY STREET-BROOKLYN,,2,2
MYRTLE AVENUE & KNICKERBOCKER AVENUE-BROOKLYN,,3,3
MYRTLE AVENUE & MARCY AVENUE-BROOKLYN,,1,1
MYRTLE AVENUE & WYCKOFF AVENUE-BROOKLYN,,1,1
MYRTLE AVENUE-BROOKLYN,,3,3
MYRTLE AVENUE-QUEENS,,1,1
MYRTLE-WYCKOFF STATION (L)-QUEENS',1,2,3
MYRTLE-WYCKOFF STATION (M)-BROOKLYN,,2,2
NAGLE AVENUE & DYCKMAN STREET-MANHATTAN,1,3,4
NASSAU AVENUE & MANHATTAN AVENUE-BROOKLYN,,2,2
NASSAU STREET & FULTON STREET-MANHATTAN,,1,1
NEPTUNE AVENUE & WEST 16 STREET-BROOKLYN,,1,1
NEVINS STREET & FLATBUSH AVENUE-BROOKLYN,,4,4
NEVINS STREET-BROOKLYN,,2,2
NEW JERSEY AVENUE & FULTON STREET-BROOKLYN,,1,1
NEW LOTS AVENUE & LIVONIA AVENUE-BROOKLYN,1,1,2
NEW LOTS AVENUE & VAN SIDERIN AVENUE-BROOKLYN,1,2,3
NEW LOTS AVENUE-BROOKLYN,,1,1
NEW UTRECHT AVENUE & 18 AVENUE-BROOKLYN,,1,1
NEW UTRECHT AVENUE & 62 STREET-BROOKLYN,,1,1
NEW UTRECHT AVENUE & 71 STREET-BROOKLYN,,2,2
NEW UTRECHT AVENUE & 79 STREET-BROOKLYN,1,7,8
NEW UTRECHT AVENUE & FORT HAMILTON PARKWAY-BROOKLYN,,1,1
NEW YORK AVENUE & CHURCH AVENUE-BROOKLYN,3,9,12
NEW YORK AVENUE & EASTERN PARKWAY-BROOKLYN,,1,1
NEW YORK AVENUE & NEWKIRK AVENUE-BROOKLYN,,4,4
NEW YORK AVENUE & WINTHROP STREET-BROOKLYN,,2,2
NEWKIRK AVENUE & EAST 16 STREET-BROOKLYN,,3,3
NEWKIRK AVENUE & FLATBUSH AVENUE-BROOKLYN,,1,1
NEWKIRK AVENUE & NOSTRAND AVENUE-BROOKLYN,2,7,9
NOEL ROAD & WEST ROAD-QUEENS,,1,1
NORMAN STREET & WYCKOFF AVENUE-QUEENS,,1,1
NORTH 7 STREET & BEDFORD AVENUE-BROOKLYN,,3,3
MARCY AVENUE & MYRTLE AVENUE-BROOKLYN,1,13,14
MARCY AVENUE & WALLABOUT STREET-BROOKLYN,2,13,15
MARCY AVENUE-BROOKLYN,,5,5
MARLBOROUGH ROAD & DITMAS AVENUE-BROOKLYN,,1,1
MC DONALD AVENUE & 18 AVENUE-BROOKLYN,,5,5
MC DONALD AVENUE & AVENUE P-BROOKLYN,,1,1
MC DONALD AVENUE & AVENUE X-BROOKLYN,,1,1
MC DONALD AVENUE & CHURCH AVENUE-BROOKLYN,,6,6
MC DONALD AVENUE & KINGS HIGHWAY-BROOKLYN,,3,3
MC KIBBIN STREET & WHITE STREET-BROOKLYN,,1,1
MEEKER AVENUE & GRAHAM AVENUE-BROOKLYN,,1,1
MERMAID AVENUE & STILLWELL AVENUE-BROOKLYN,,3,3
MERMAID AVENUE & SURF AVENUE-BROOKLYN,1,,1
MERMAID AVENUE-BROOKLYN,,1,1
METROPOLITAN AVENUE & GRAHAM AVENUE-BROOKLYN,2,24,26
METROPOLITAN AVENUE & LORIMER STREET-BROOKLYN,5,87,92
MIDLAND PARKWAY & HILLSIDE AVENUE-QUEENS,,10,10
MOFFAT STREET & WILSON AVENUE-BROOKLYN,4,29,33
MONTROSE AVENUE & BUSHWICK AVENUE-BROOKLYN,,1,1
MORGAN AVENUE-BROOKLYN,1,1,2
MORRIS AVENUE & EAST 161 STEET-BRONX,,1,1
MORRIS AVENUE & EAST 161 STREET-BRONX,3,18,21
MORRIS PARK AVENUE & EAST 180 STREET-BRONX,1,7,8
MORRISON AVENUE & WESTCHESTER AVENUE-BRONX,,1,1
MOTT AVENUE & BEACH 22 STREET-QUEENS,,8,8
MYRTLE AVENUE & BROADWAY-BROOKLYN,1,3,4
MYRTLE AVENUE & CENTRAL AVENUE-BROOKLYN,,2,2
MYRTLE AVENUE & JAY STREET-BROOKLYN,,2,2
MYRTLE AVENUE & KNICKERBOCKER AVENUE-BROOKLYN,,3,3
MYRTLE AVENUE & MARCY AVENUE-BROOKLYN,,1,1
MYRTLE AVENUE & WYCKOFF AVENUE-BROOKLYN,,1,1
MYRTLE AVENUE-BROOKLYN,,3,3
MYRTLE AVENUE-QUEENS,,1,1
MYRTLE-WYCKOFF STATION (L)-QUEENS',1,2,3
MYRTLE-WYCKOFF STATION (M)-BROOKLYN,,2,2
NAGLE AVENUE & DYCKMAN STREET-MANHATTAN,1,3,4
NASSAU AVENUE & MANHATTAN AVENUE-BROOKLYN,,2,2
NASSAU STREET & FULTON STREET-MANHATTAN,,1,1
NEPTUNE AVENUE & WEST 16 STREET-BROOKLYN,,1,1
NEVINS STREET & FLATBUSH AVENUE-BROOKLYN,,4,4
NEVINS STREET-BROOKLYN,,2,2
NEW JERSEY AVENUE & FULTON STREET-BROOKLYN,,1,1
NEW LOTS AVENUE & LIVONIA AVENUE-BROOKLYN,1,1,2
NEW LOTS AVENUE & VAN SIDERIN AVENUE-BROOKLYN,1,2,3
NEW LOTS AVENUE-BROOKLYN,,1,1
NEW UTRECHT AVENUE & 18 AVENUE-BROOKLYN,,1,1
NEW UTRECHT AVENUE & 62 STREET-BROOKLYN,,1,1
NEW UTRECHT AVENUE & 71 STREET-BROOKLYN,,2,2
NEW UTRECHT AVENUE & 79 STREET-BROOKLYN,1,7,8
NEW UTRECHT AVENUE & FORT HAMILTON PARKWAY-BROOKLYN,,1,1
NEW YORK AVENUE & CHURCH AVENUE-BROOKLYN,3,9,12
NEW YORK AVENUE & EASTERN PARKWAY-BROOKLYN,,1,1
NEW YORK AVENUE & NEWKIRK AVENUE-BROOKLYN,,4,4
NEW YORK AVENUE & WINTHROP STREET-BROOKLYN,,2,2
NEWKIRK AVENUE & EAST 16 STREET-BROOKLYN,,3,3
NEWKIRK AVENUE & FLATBUSH AVENUE-BROOKLYN,,1,1
NEWKIRK AVENUE & NOSTRAND AVENUE-BROOKLYN,2,7,9
NOEL ROAD & WEST ROAD-QUEENS,,1,1
NORMAN STREET & WYCKOFF AVENUE-QUEENS,,1,1
NORTH 7 STREET & BEDFORD AVENUE-BROOKLYN,,3,3
QUEENS BOULEVARD & JACKSON AVENUE-QUEENS,1,4,5
QUEENS BOULEVARD & MAIN STREET-QUEENS,,1,1
QUEENS BOULEVARD & UNION TURNPIKE-QUEENS,15,93,108
QUEENS BOULEVARD & WOODHAVEN BOULEVARD-QUEENS,14,59,73
QUEENS PLAZA SOUTH & QUEENS PLAZA-QUEENS,1,,1
QUINCY STREET & BROADWAY-BROOKLYN,,2,2
RALPH AVENUE & FULTON STREET-BROOKLYN,1,4,5
RED CROSS PLACE & ADAMS STREET-BROOKLYN,,1,1
RED CROSS PLACE &amp;a CADMAN PLAZA EAST-BROOKLYN,9,39,48
RENTAR PLAZA & METROPOLITAN AVENUE-QUEENS,,2,2
RIVER AVENUE & EAST 161 STREET-BRONX,42,273,315
RIVER AVENUE & EAST 167 STREET-BRONX,8,43,51
RIVER AVENUE & WEST 161 STREET-BRONX,1,,1
RIVERDALE AVENUE & THATFORD AVENUE-BROOKLYN,,1,1
ROCKAWAY AVENUE & FULTON STREET-BROOKLYN,,2,2
ROCKAWAY AVENUE & LIVONIA AVENUE-BROOKLYN,1,1,2
ROCKAWAY AVENUE-BROOKLYN,,1,1
ROCKAWAY BEACH BOULEVARD & BEACH 116 STREET-QUEENS,1,8,9
ROCKAWAY BEACH BOULEVARD & BEACH 59 STREET-QUEENS,,2,2
ROCKAWAY BOULEVARD & CROSS BAY BOULEVARD-QUEENS,1,,1
ROCKAWAY BOULEVARD & LIBERTY AVENUE-QUEENS,13,47,60
ROCKAWAY FREEWAY & BEACH 105 STREET-QUEENS,,13,13
ROCKAWAY FREEWAY & BEACH 25 STREET-QUEENS,,30,30
ROCKAWAY FREEWAY & BEACH 36 STREET-QUEENS,1,2,3
ROCKAWAY FREEWAY & BEACH 44 STREET-QUEENS,,1,1
ROCKAWAY FREEWAY & BEACH 59 STREET-QUEENS,,9,9
ROCKAWAY FREEWAY & BEACH 60 STREET-QUEENS,,2,2
ROCKAWAY FREEWAY & BEACH 67 STREET-QUEENS,1,4,5
ROCKAWAY FREEWAY & BEACH 98 STREET-QUEENS,,1,1
ROCKAWAY PARKWAY & GLENWOOD ROAD-BROOKLYN,,8,8
ROCKAWAY PARKWAY-BROOKLYN,,1,1
RODNEY STREET & SOUTH 9 STREET-BROOKLYN,,1,1
ROOSEVELT AVENUE & 103 STREET-QUEENS,2,22,24
ROOSEVELT AVENUE & 111 STREET-QUEENS,,5,5
ROOSEVELT AVENUE & 61 STREET-QUEENS,,1,1
ROOSEVELT AVENUE & 69 STREET-QUEENS,,1,1
ROOSEVELT AVENUE & 74 STREET-QUEENS,4,11,15
ROOSEVELT AVENUE & 75 STREET-QUEENS,1,,1
ROOSEVELT AVENUE & 82 STREET-QUEENS,,16,16
ROOSEVELT AVENUE & 90 STREET-QUEENS,,1,1
ROOSEVELT AVENUE & BROADWAY-QUEENS,,1,1
ROOSEVELT AVENUE & ELMHURST AVENUE-QUEENS,,1,1
ROOSEVELT AVENUE & JUNCTION BOULEVARD-QUEENS,1,16,17
ROOSEVELT AVENUE & MAIN STREET-QUEENS,,26,26
ROOSEVELT AVENUE-QUEENS,1,1,2
RUTGERS STREET & EAST BROADWAY-MANHATTAN,3,65,68
RUTGERS STREET & MADISON STREET-MANHATTAN,1,4,5
RUTLAND ROAD & EAST 98 STREET-BROOKLYN,,2,2
SACKMAN STREET & ATLANTIC AVENUE-BROOKLYN,,1,1
SACKMAN STREET & LIVONIA AVENUE-BROOKLYN,,2,2
SACKMAN STREET & TRUXTON STREET-BROOKLYN,1,3,4
SAGAMORE STREET & WHITE PLAINS ROAD-BRONX,1,27,28
SAINT ANNS AVENUE & EAST 143 STREET-BRONX,,1,1
SAINT CLAIR PLACE & WEST 125 STREET-MANHATTAN,1,3,4
SAINT JOHNS PLACE & UTICA AVENUE-BROOKLYN,,1,1
SAINT MARYS STREET & SOUTHERN BOULEVARD-BRONX,1,7,8
SAINT NICHOLAS AVENUE & WEST 116 STREET-MANHATTAN,1,3,4
SAINT NICHOLAS AVENUE & WEST 125 STREET-MANHATTAN,26,203,229
SAINT NICHOLAS AVENUE & WEST 126 STREET-MANHATTAN,,2,2
SAINT NICHOLAS AVENUE & WEST 127 STREET-MANHATTAN,,4,4
SAINT NICHOLAS AVENUE & WEST 135 STREET-MANHATTAN,7,45,52
SAINT NICHOLAS AVENUE & WEST 136 STREET-MANHATTAN,3,42,45
SAINT NICHOLAS AVENUE & WEST 145 STREET-MANHATTAN,12,102,114
SAINT NICHOLAS AVENUE & WEST 147 STREET-MANHATTAN,1,5,6
SAINT NICHOLAS AVENUE & WEST 155 STREET-MANHATTAN,1,3,4
SAINT NICHOLAS AVENUE & WEST 163 STREET-MANHATTAN,,2,2
SAINT NICHOLAS AVENUE & WEST 168 STREET-MANHATTAN,1,3,4
SAINT NICHOLAS AVENUE & WEST 181 STREET-MANHATTAN,,8,8
SAINT NICHOLAS AVENUE & WEST 191 STREET-MANHATTAN,,8,8
SAINT NICHOLAS TERRACE & WEST 127 STREET-MANHATTAN,,1,1
SAINT NICHOLAS TERRACE & WEST 129 STREET-MANHATTAN,,1,1
SAINT NICHOLAS TERRACE & WEST 136 STREET-MANHATTAN,,1,1
SARATOGA AVENUE-BROOKLYN,1,1,2
SCHENECTADY AVENUE & EASTERN PARKWAY-BROOKLYN,3,7,10
SCHENECTADY AVENUE & RUTLAND ROAD-BROOKLYN,,1,1
SCHERMERHORN STREET & HOYT STREET-BROOKLYN,17,73,90
SCHERMERHORN STREET-BROOKLYN,,1,1
SEXTON PLACE & EAST GUN HILL ROAD-BRONX,3,39,42
SHEEPSHEAD BAY ROAD-BROOKLYN,,2,2
SHEPHERD AVENUE & PITKIN AVENUE-BROOKLYN,,1,1
SHEPHERD AVENUE-BROOKLYN,,1,1
SHORE PARKWAY & STILLWELL AVENUE-BROOKLYN,,1,1
SMITH STREET & 2 STREET-BROOKLYN,,1,1
SMITH STREET & BERGEN STREET-BROOKLYN,3,22,25
SMITH STREET & CARROLL STREET-BROOKLYN,,2,2
SMITH STREET & PRESIDENT STREET-BROOKLYN,3,18,21
SMITH STREET & WARREN STREET-BROOKLYN,,4,4
SNEDIKER AVENUE & ATLANTIC AVENUE-BROOKLYN,1,,1
SOMERS STREET & BROADWAY-BROOKLYN,1,2,3
SOUND VIEW AVENUE & WESTCHESTER AVENUE-BRONX,,1,1
SOUTH STREET & WHITEHALL STREET-MANHATTAN,1,5,6
SOUTHERN BOULEVARD & EAST 149 STREET-BRONX,18,176,194
SOUTHERN BOULEVARD & EAST 163 STREET-BRONX,,1,1
SOUTHERN BOULEVARD & EAST 174 STREET-BRONX,39,232,271
SOUTHERN BOULEVARD & FREEMAN STREET-BRONX,13,148,161
SOUTHERN BOULEVARD & HUNTS POINT AVENUE-BRONX,,3,3
SOUTHERN BOULEVARD & LONGWOOD AVENUE-BRONX,2,66,68
SOUTHERN BOULEVARD & PROSPECT AVENUE-BRONX,,2,2
STATE STREET & BATTERY PLACE-MANHATTAN,4,28,32
STERLING STREET & NOSTRAND AVENUE-BROOKLYN,,1,1
STERLING STREET-BROOKLYN,,1,1
STILLWELL AVENUE & BAY 50 STREET-BROOKLYN,,4,4
STILLWELL AVENUE & SURF AVENUE-BROOKLYN,3,15,18
STILLWELL AVENUE-BROOKLYN,1,1,2
SUBWAY BMT 79 STREET ON “D“-BROOKLYN,,1,1
SUBWAY BMT SHEEPSHEAD BAY “Q“-BROOKLYN,1,2,3
SUBWAY BMT STILLWELL AVENUE-BROOKLYN,1,4,5
SUBWAY BRONX IND-BRONX,18,134,152
SUBWAY BRONX IRT & EAST 174 STREET-BRONX,,2,2
SUBWAY BRONX IRT-BRONX,30,247,277
SUBWAY BROOKLYN BMT & HOYT STREET-BROOKLYN,,1,1
SUBWAY BROOKLYN BMT & STILLWELL AVENUE-BROOKLYN,,5,5
SUBWAY BROOKLYN BMT-BROOKLYN,7,103,110
SUBWAY BROOKLYN IND & BERGEN STREET-BROOKLYN,2,2,4
SUBWAY BROOKLYN IND & KINGSTON AVENUE-BROOKLYN,,1,1
SUBWAY BROOKLYN IND & VAN SIDERIN AVENUE-BROOKLYN,,1,1
SUBWAY BROOKLYN IND-BROOKLYN,5,31,36
SUBWAY BROOKLYN IRT & EAST 98 STREET-BROOKLYN,,1,1
SUBWAY BROOKLYN IRT-BROOKLYN,1,19,20
SUBWAY MANHATTAN BMT & WATER STREET-MANHATTAN,,1,1
SUBWAY MANHATTAN BMT-MANHATTAN,6,42,48
SUBWAY MANHATTAN IND & AVENUE OF THE AMERICAS-MANHATTAN,,1,1
SUBWAY MANHATTAN IND & EAST HOUSTON STREET-MANHATTAN,,5,5
SUBWAY MANHATTAN IND & WEST 125 STREET-MANHATTAN,,2,2
SUBWAY MANHATTAN IND & WEST 34 STREET-MANHATTAN,1,,1
SUBWAY MANHATTAN IND-MANHATTAN,118,824,942
SUBWAY MANHATTAN IRT & WEST 181 STREET-MANHATTAN,,1,1
SUBWAY MANHATTAN IRT & WEST 28 STREET-MANHATTAN,,1,1
SUBWAY MANHATTAN IRT-MANHATTAN,92,762,854
SUBWAY QUEENS BMT-QUEENS,,4,4
SUBWAY QUEENS IND & ARCHER AVENUE-QUEENS,,1,1
SUBWAY QUEENS IND & BEACH 22 STREET-QUEENS,,1,1
SUBWAY QUEENS IND-QUEENS,7,141,148
SUBWAY QUEENS IRT-QUEENS,4,27,31
SURF AVENUE & STILLWELL AVENUE-BROOKLYN,20,126,146
SURF AVENUE & WEST 24 STREET-BROOKLYN,,1,1
SURF AVENUE & WEST 8 STREET-BROOKLYN,2,12,14
SUTPHIN BOULEVARD & ARCHER AVENUE-QUEENS,6,26,32
SUTTER AVENUE & EAST 98 STREET-BROOKLYN,7,99,106
SUTTER AVENUE & JUNIUS STREET-BROOKLYN,,1,1
SUTTER AVENUE-BROOKLYN,,1,1
TILLOTSON AVENUE & BAYCHESTER AVENUE-BRONX,3,31,34
TRUXTON STREET & SACKMAN STREET-BROOKLYN,4,28,32
UNION AVENUE & BROADWAY-BROOKLYN,,2,2
UNION SQUARE EAST & EAST 14 STREET-MANHATTAN,70,459,529
UNION SQUARE EAST & EAST 15 STREET-MANHATTAN,,1,1
UNION SQUARE EAST-MANHATTAN,,1,1
UNION SQUARE WEST & EAST 14 STREET-MANHATTAN,11,68,79
UNION TURNPIKE & QUEENS BOULEVARD-QUEENS,4,17,21
UNION TURNPIKE-QUEENS,1,3,4
UTICA AVENUE & EASTERN PARKWAY-BROOKLYN,20,133,153
UTICA AVENUE & FULTON STREET-BROOKLYN,5,11,16
UTICA AVENUE STATION (A.C)-BROOKLYN,1,,1
UTICA AVENUE-BROOKLYN,2,4,6
VAN SICLEN AV STATION (A.C)-BROOKLYN,,1,1
VAN SICLEN AVENUE & FULTON STREET-BROOKLYN,2,2,4
VAN SICLEN AVENUE & LIVONIA AVENUE-BROOKLYN,3,25,28
VAN SICLEN AVENUE & NEW LOTS AVENUE-BROOKLYN,,16,16
VAN SICLEN AVENUE & PITKIN AVENUE-BROOKLYN,,2,2
VAN SICLEN AVENUE-BROOKLYN,,1,1
VAN SIDERIN AVENUE & ATLANTIC AVENUE-BROOKLYN,1,12,13
VAN SIDERIN AVENUE & BROADWAY-BROOKLYN,,1,1
VAN SIDERIN AVENUE & FULTON STREET-BROOKLYN,1,,1
VAN SIDERIN AVENUE & LINDEN BOULEVARD-BROOKLYN,,1,1
VAN SIDERIN AVENUE & LIVONIA AVENUE-BROOKLYN,12,68,80
VAN SIDERIN AVENUE & NEW LOTS AVENUE-BROOKLYN,7,53,60
VAN SIDERIN AVENUE & SUTTER AVENUE-BROOKLYN,3,4,7
VAN SINDEREN AVENUE & ATLANTIC AVENUE-BROOKLYN,,1,1
VAN SINDEREN AVENUE & LIVONIA AVENUE-BROOKLYN,,2,2
VAN SINDEREN AVENUE & NEW LOTS AVENUE-BROOKLYN,,3,3
VAN SINDERIN AVENUE & SUTTER AVENUE-BROOKLYN,,1,1
VANWYCK EXPRESSWAY & JAMAICA AVENUE-QUEENS,,1,1
VANWYCK EXPRESSWAY & QUEENS BOULEVARD-QUEENS,,7,7
VARICK STREET & CANAL STREET-MANHATTAN,,1,1
VARICK STREET & FRANKLIN STREET-MANHATTAN,,2,2
VARICK STREET & WEST HOUSTON STREET-MANHATTAN,,3,3
VOORHIES AVENUE-BROOKLYN,,1,1
WALKER STREET & CANAL STREET-MANHATTAN,1,,1
WALKER STREET & WEST BROADWAY-MANHATTAN,,1,1
WALKER STREET-MANHATTAN,,1,1
WALL STREET & SOUTH STREET-MANHATTAN,,1,1
WALL STREET & WILLIAM STREET-MANHATTAN,,1,1
WALLABOUT STREET & MARCY AVENUE-BROOKLYN,1,1,2
WALLACE AVENUE & BURKE AVENUE-BRONX,,1,1
WALLACE AVENUE & EAST GUN HILL ROAD-BRONX,,5,5
WALTON AVENUE & EAST 161 STREET-BRONX,1,7,8
WARREN STREET & SMITH STREET-BROOKLYN,,1,1
WASHINGTON AVENUE & ATLANTIC AVENUE-BROOKLYN,,1,1
WASHINGTON AVENUE & EASTERN PARKWAY-BROOKLYN,2,12,14
WASHINGTON AVENUE & FULTON STREET-BROOKLYN,2,13,15
WATER STREET & JAY STREET-BROOKLYN,,2,2
WATER STREET & WHITEHALL STREET-MANHATTAN,,3,3
WATSON AVENUE & CASTLE HILL AVENUE-BRONX,,1,1
WATSON AVENUE & ELDER AVENUE-BRONX,1,2,3
WATSON AVENUE & MORRISON AVENUE-BRONX,,1,1
WATSON AVENUE & SAINT LAWRENCE AVENUE-BRONX,,2,2
WAVERLY PLACE & AVENUE OF THE AMERICAS-MANHATTAN,,1,1
WEBSTER AVENUE & EAST 167 STREET-BRONX,,1,1
WEBSTER AVENUE & EAST 233 STREET-BRONX,,1,1
WEBSTER AVENUE & EAST 238 STREET-BRONX,,1,1
WEBSTER AVENUE & EAST FORDHAM ROAD-BRONX,1,15,16
WEBSTER AVENUE & EAST TREMONT AVENUE-BRONX,,1,1
WEST 10 STREET & BLEECKER STREET-MANHATTAN,,1,1
WEST 110 STREET & LENOX AVENUE-MANHATTAN,,10,10
WEST 111 STREET & LENOX AVENUE-MANHATTAN,4,40,44
WEST 116 STREET & LENOX AVENUE-MANHATTAN,18,108,126
WEST 125 STREET & BROADWAY-MANHATTAN,,1,1
WEST 125 STREET & LENOX AVENUE-MANHATTAN,18,171,189
WEST 125 STREET & SAINT NICHOLAS AVENUE-MANHATTAN,,1,1
WEST 125 STREET-MANHATTAN,,1,1
WEST 135 STREET & LENOX AVENUE-MANHATTAN,15,152,167
WEST 135 STREET-MANHATTAN,,1,1
WEST 14 STREET & 7 AVENUE-MANHATTAN,3,39,42
WEST 14 STREET-MANHATTAN,,1,1
WEST 140 STREET & LENOX AVENUE-MANHATTAN,,1,1
WEST 145 STREET & BROADWAY-MANHATTAN,,2,2
WEST 145 STREET & LENOX AVENUE-MANHATTAN,1,8,9
WEST 155 STREET & SAINT NICHOLAS AVENUE-MANHATTAN,,1,1
WEST 168 STREET & SAINT NICHOLAS AVENUE-MANHATTAN,3,26,29
WEST 207 STREET & 10 AVENUE-MANHATTAN,,2,2
WEST 23 STREET & 8 AVENUE-MANHATTAN,,2,2
WEST 34 STREET & 7 AVENUE-MANHATTAN,1,1,2
WEST 34 STREET & AVENUE OF THE AMERICAS-MANHATTAN,20,89,109
WEST 4 STREET & AVENUE OF THE AMERICAS-MANHATTAN,1,5,6
WEST 40 STREET & 7 AVENUE-MANHATTAN,,1,1
WEST 42 STREET & 8 AVENUE-MANHATTAN,,2,2
WEST 42 STREET & BROADWAY-MANHATTAN,,1,1
WEST 42 STREET & TIMES SQUARE-MANHATTAN,,3,3
WEST 42 STREET-MANHATTAN,,2,2
WEST 49 STREET & 7 AVENUE-MANHATTAN,,1,1
WEST 50 STREET & 8 AVENUE-MANHATTAN,,1,1
WEST 53 STREET & 7 AVENUE-MANHATTAN,,2,2
WEST 66 STREET & BROADWAY-MANHATTAN,,1,1
WEST 7 STREET & 86 STREET-BROOKLYN,2,7,9
WEST 7 STREET & AVENUE U-BROOKLYN,,4,4
WEST 7 STREET & BAY PARKWAY-BROOKLYN,1,9,10
WEST 79 STREET & BROADWAY-MANHATTAN,,1,1
WEST 8 STREET & 86 STREET-BROOKLYN,,1,1
WEST 8 STREET & SURF AVENUE-BROOKLYN,,2,2
WEST BROADWAY & CANAL STREET-MANHATTAN,,5,5
WEST BROADWAY & CHAMBERS STREET-MANHATTAN,1,19,20
WEST BROADWAY & LISPENARD STREET-MANHATTAN,,2,2
WEST FARMS ROAD & EAST 174 STREET-BRONX,1,3,4
WEST FARMS ROAD & EAST TREMONT AVENUE-BRONX,,1,1
WEST FARMS ROAD & FREEMAN STREET-BRONX,,3,3
WEST FARMS SQUARE & EAST TREMONT AVENUE-BRONX,,1,1
WEST ROAD & NOEL ROAD-QUEENS,,2,2
WEST SIDE HIGHWAY & WEST 137 STREET-MANHATTAN,,1,1
WEST STREET & WEST 42 STREET-MANHATTAN,,1,1
WESTCHESTER AVENUE & BRUCKNER BOULEVARD-BRONX,3,25,28
WESTCHESTER AVENUE & BUHRE AVENUE-BRONX,,4,4
WESTCHESTER AVENUE & EAST 152 STREET-BRONX,6,53,59
WESTCHESTER AVENUE & EAST 177 STREET-BRONX,,2,2
WESTCHESTER AVENUE & ELDER AVENUE-BRONX,4,32,36
WESTCHESTER AVENUE & GRANT CIRCLE-BRONX,13,69,82
WESTCHESTER AVENUE & INTERVALE AVENUE-BRONX,14,67,81
WESTCHESTER AVENUE & JACKSON AVENUE-BRONX,2,9,11
WESTCHESTER AVENUE & MIDDLETOWN ROAD-BRONX,,4,4
WESTCHESTER AVENUE & MORRISON AVENUE-BRONX,10,54,64
WESTCHESTER AVENUE & PROSPECT AVENUE-BRONX,5,25,30
WESTCHESTER AVENUE & SAINT LAWRENCE AVENUE-BRONX,7,41,48
WESTCHESTER AVENUE & SIMPSON STREET-BRONX,29,181,210
WESTCHESTER AVENUE & SOUND VIEW AVENUE-BRONX,,4,4
WESTCHESTER AVENUE & WHITLOCK AVENUE-BRONX,,2,2
WESTCHESTER AVENUE & ZEREGA AVENUE-BRONX,,4,4
WESTCHESTER SQUARE & FERRIS PLACE-BRONX,,1,1
WHITE PLAINS ROAD & ALLERTON AVENUE-BRONX,19,139,158
WHITE PLAINS ROAD & BURKE AVENUE-BRONX,11,77,88
WHITE PLAINS ROAD & EAST 219 STREET-BRONX,8,75,83
WHITE PLAINS ROAD & EAST 225 STREET-BRONX,7,62,69
WHITE PLAINS ROAD & EAST 233 STREET-BRONX,2,27,29
WHITE PLAINS ROAD & EAST 238 STREET-BRONX,,1,1
WHITE PLAINS ROAD & EAST 241 STREET-BRONX,14,81,95
WHITE PLAINS ROAD & EAST GUN HILL ROAD-BRONX,14,40,54
WHITE PLAINS ROAD & NEREID AVENUE-BRONX,,26,26
WHITE PLAINS ROAD & PELHAM PARKWAY SOUTH-BRONX,7,64,71
WHITE PLAINS ROAD & PELHAM PARKWAY-BRONX,1,9,10
WHITEHALL STREET & SOUTH STREET-MANHATTAN,20,85,105
WHITEHALL STREET & WATER STREET-MANHATTAN,,1,1
WHITLOCK AVENUE & WESTCHESTER AVENUE-BRONX,1,15,16
WHITTIER STREET & HUNTS POINT AVENUE-BRONX,,1,1
WILLETS POINT BOULEVARD & ROOSEVELT AVENUE-QUEENS,,1,1
WILLIAM STREET & FULTON STREET-MANHATTAN,,3,3
WILLIAM STREET & WALL STREET-MANHATTAN,,1,1
WILLOUGHBY AVENUE & MARCY AVENUE-BROOKLYN,,1,1
WILLOUGHBY STREET & FLATBUSH AVENUE EXTENSION-BROOKLYN,,1,1
WILLOUGHBY STREET & JAY STREET-BROOKLYN,29,128,157
WILLOUGHBY STREET & LAWRENCE STREET-BROOKLYN,1,2,3
WILSON AVENUE & DE KALB AVENUE-BROOKLYN,,2,2
WILSON AVENUE & GEORGE STREET-BROOKLYN,1,,1
WILSON AVENUE & JEFFERSON STREET-BROOKLYN,,1,0.1
WILSON AVENUE & MOFFAT STREET-BROOKLYN,,2,2
WILSON AVENUE & STANHOPE STREET-BROOKLYN,,1,1
WILSON AVENUE STATION (L)-BROOKLYN,,1,1
WINTHROP STREET & NOSTRAND AVENUE-BROOKLYN,1,4,5
WOODHAVEN BOULEVARD & QUEENS BOULEVARD-QUEENS,1,4,5
WYCKOFF AVENUE & DE KALB AVENUE-BROOKLYN,7,83,90
WYCKOFF AVENUE & GEORGE STREET-QUEENS,14,173,187
WYCKOFF AVENUE & HANCOCK STREET-QUEENS,,1,1
WYCKOFF AVENUE & JEFFERSON AVENUE-BROOKLYN,,1,1
WYCKOFF AVENUE & JEFFERSON STREET-BROOKLYN,3,18,21
WYCKOFF AVENUE & MYRTLE AVENUE-BROOKLYN,,6,6
WYCKOFF AVENUE & MYRTLE AVENUE-QUEENS,10,94,104
WYCKOFF AVENUE & NORMAN STREET-QUEENS,,1,1
WYCKOFF AVENUE & STARR STREET-BROOKLYN,,1,1
WYCKOFF AVENUE & STOCKHOLM STREET-BROOKLYN,,1,1
WYCKOFF AVENUE-QUEENS,,1,1
(blank),2,2,4
